{
  "riskFrameworks": {
    "ISO31000": {
      "enabled": true,
      "version": "2018",
      "riskProcess": [
        "Establish Context",
        "Risk Identification",
        "Risk Analysis",
        "Risk Evaluation",
        "Risk Treatment"
      ],
      "principles": [
        "Integrated",
        "Structured",
        "Customized",
        "Inclusive",
        "Dynamic",
        "Best Available Information",
        "Human and Cultural Factors",
        "Continual Improvement"
      ]
    },
    "COSOERM": {
      "enabled": true,
      "version": "2017",
      "components": {
        "Governance & Culture": 5,
        "Strategy & Objective-Setting": 4,
        "Performance": 5,
        "Review & Revision": 3,
        "Information Communication & Reporting": 3
      }
    },
    "ISO27001": {
      "enabled": true,
      "version": "2022",
      "controls": 93,
      "themes": ["Organizational", "People", "Physical", "Technological"]
    },
    "NIST_CSF": {
      "enabled": true,
      "version": "2.0",
      "functions": ["Identify", "Protect", "Detect", "Respond", "Recover"],
      "maturityLevels": ["Initial", "Managed", "Defined", "Quantified", "Optimizing"]
    }
  },
  
  "riskCategories": {
    "operational": {
      "weight": 0.35,
      "subcategories": {
        "processFailure": {
          "typicalFrequency": 0.35,
          "averageImpact": 150000,
          "aiConfidence": 0.92
        },
        "systemDowntime": {
          "typicalFrequency": 0.20,
          "averageImpact": 75000,
          "aiConfidence": 0.95
        },
        "humanError": {
          "typicalFrequency": 0.30,
          "averageImpact": 50000,
          "aiConfidence": 0.88
        },
        "thirdPartyFailure": {
          "typicalFrequency": 0.10,
          "averageImpact": 200000,
          "aiConfidence": 0.85
        },
        "projectDelivery": {
          "typicalFrequency": 0.05,
          "averageImpact": 500000,
          "aiConfidence": 0.82
        }
      }
    },
    "financial": {
      "weight": 0.25,
      "subcategories": {
        "creditRisk": {
          "typicalFrequency": 0.30,
          "averageImpact": 250000,
          "aiConfidence": 0.90
        },
        "marketRisk": {
          "typicalFrequency": 0.25,
          "averageImpact": 500000,
          "aiConfidence": 0.78
        },
        "liquidityRisk": {
          "typicalFrequency": 0.20,
          "averageImpact": 1000000,
          "aiConfidence": 0.85
        },
        "investmentRisk": {
          "typicalFrequency": 0.15,
          "averageImpact": 750000,
          "aiConfidence": 0.80
        },
        "budgetOverrun": {
          "typicalFrequency": 0.10,
          "averageImpact": 100000,
          "aiConfidence": 0.93
        }
      }
    },
    "compliance": {
      "weight": 0.20,
      "subcategories": {
        "regulatoryNonCompliance": {
          "typicalFrequency": 0.35,
          "averageImpact": 500000,
          "aiConfidence": 0.87
        },
        "policyViolations": {
          "typicalFrequency": 0.25,
          "averageImpact": 25000,
          "aiConfidence": 0.91
        },
        "dataPrivacyBreaches": {
          "typicalFrequency": 0.20,
          "averageImpact": 2000000,
          "aiConfidence": 0.94
        },
        "licenseViolations": {
          "typicalFrequency": 0.10,
          "averageImpact": 100000,
          "aiConfidence": 0.89
        },
        "reportingFailures": {
          "typicalFrequency": 0.10,
          "averageImpact": 50000,
          "aiConfidence": 0.92
        }
      }
    },
    "strategic": {
      "weight": 0.10,
      "subcategories": {
        "marketCompetition": {
          "typicalFrequency": 0.30,
          "averageImpact": 5000000,
          "aiConfidence": 0.72
        },
        "technologyDisruption": {
          "typicalFrequency": 0.25,
          "averageImpact": 10000000,
          "aiConfidence": 0.68
        },
        "reputationDamage": {
          "typicalFrequency": 0.20,
          "averageImpact": 3000000,
          "aiConfidence": 0.75
        },
        "mergerIntegration": {
          "typicalFrequency": 0.15,
          "averageImpact": 2000000,
          "aiConfidence": 0.70
        },
        "businessModelObsolescence": {
          "typicalFrequency": 0.10,
          "averageImpact": 15000000,
          "aiConfidence": 0.65
        }
      }
    },
    "cybersecurity": {
      "weight": 0.10,
      "subcategories": {
        "dataBreach": {
          "typicalFrequency": 0.35,
          "averageImpact": 4000000,
          "aiConfidence": 0.96
        },
        "ransomware": {
          "typicalFrequency": 0.25,
          "averageImpact": 1500000,
          "aiConfidence": 0.94
        },
        "insiderThreat": {
          "typicalFrequency": 0.20,
          "averageImpact": 750000,
          "aiConfidence": 0.83
        },
        "supplyChainAttack": {
          "typicalFrequency": 0.15,
          "averageImpact": 2500000,
          "aiConfidence": 0.79
        },
        "zeroDayExploits": {
          "typicalFrequency": 0.05,
          "averageImpact": 5000000,
          "aiConfidence": 0.71
        }
      }
    }
  },
  
  "riskSeverityMatrix": {
    "levels": [
      {
        "level": 1,
        "name": "Negligible",
        "score": "1-3",
        "financialImpact": "<10000",
        "operationalImpact": "Minimal impact",
        "reputationalImpact": "No reputational impact",
        "responseTime": 2592000,
        "color": "#00C851"
      },
      {
        "level": 2,
        "name": "Low",
        "score": "4-6",
        "financialImpact": "10000-100000",
        "operationalImpact": "Minor inefficiency",
        "reputationalImpact": "Internal awareness only",
        "responseTime": 604800,
        "color": "#FFBB33"
      },
      {
        "level": 3,
        "name": "Medium",
        "score": "7-12",
        "financialImpact": "100000-1000000",
        "operationalImpact": "Significant inefficiency",
        "reputationalImpact": "Industry publication coverage",
        "responseTime": 86400,
        "color": "#FF8800"
      },
      {
        "level": 4,
        "name": "High",
        "score": "13-19",
        "financialImpact": "1000000-10000000",
        "operationalImpact": "Major process failure",
        "reputationalImpact": "National media coverage",
        "responseTime": 14400,
        "color": "#FF4444"
      },
      {
        "level": 5,
        "name": "Critical",
        "score": "20-25",
        "financialImpact": ">10000000",
        "operationalImpact": "Complete business disruption",
        "reputationalImpact": "International media coverage",
        "responseTime": 3600,
        "color": "#CC0000"
      }
    ]
  },
  
  "riskAppetiteThresholds": {
    "financial": {
      "metric": "percentageOfRevenue",
      "target": 2.0,
      "tolerance": 2.5,
      "capacity": 5.0,
      "currentExposure": 1.8
    },
    "compliance": {
      "criticalFindings": {
        "target": 0,
        "tolerance": 0,
        "capacity": 1,
        "currentExposure": 0
      },
      "highFindings": {
        "target": 2,
        "tolerance": 3,
        "capacity": 5,
        "currentExposure": 2
      },
      "mediumFindings": {
        "target": 8,
        "tolerance": 10,
        "capacity": 15,
        "currentExposure": 7
      }
    },
    "operational": {
      "systemAvailability": {
        "target": 99.9,
        "tolerance": 99.5,
        "capacity": 99.0,
        "currentPerformance": 99.82
      },
      "mttr": {
        "target": 2,
        "tolerance": 4,
        "capacity": 8,
        "currentPerformance": 3.2
      },
      "mtbf": {
        "target": 1440,
        "tolerance": 720,
        "capacity": 360,
        "currentPerformance": 892
      }
    },
    "cybersecurity": {
      "significantIncidentsPerQuarter": {
        "target": 0,
        "tolerance": 1,
        "capacity": 3,
        "currentExposure": 0
      },
      "dataRecordsExposed": {
        "target": 0,
        "tolerance": 1000,
        "capacity": 10000,
        "currentExposure": 0
      },
      "recoveryTimeHours": {
        "target": 4,
        "tolerance": 24,
        "capacity": 72,
        "currentPerformance": 8
      }
    }
  },
  
  "controlEffectivenessMetrics": {
    "scoringWeights": {
      "designEffectiveness": 0.4,
      "operationalEffectiveness": 0.6
    },
    "operationalComponents": {
      "automationLevel": {
        "weight": 0.2,
        "levels": {
          "manual": 0,
          "semiAutomated": 0.5,
          "fullyAutomated": 1.0
        }
      },
      "consistency": {
        "weight": 0.2,
        "measurement": "standardDeviation"
      },
      "coverage": {
        "weight": 0.2,
        "measurement": "percentageOfTransactions"
      },
      "timeliness": {
        "weight": 0.2,
        "measurement": "withinSLA"
      },
      "accuracy": {
        "weight": 0.2,
        "measurement": "errorRateInverse"
      }
    },
    "ratingScale": [
      {
        "score": "0-25",
        "rating": "Ineffective",
        "action": "Immediate remediation required"
      },
      {
        "score": "26-50",
        "rating": "Partially Effective",
        "action": "Significant improvements needed"
      },
      {
        "score": "51-75",
        "rating": "Effective with Improvements Needed",
        "action": "Targeted enhancements recommended"
      },
      {
        "score": "76-90",
        "rating": "Effective",
        "action": "Minor optimizations possible"
      },
      {
        "score": "91-100",
        "rating": "Highly Effective",
        "action": "Maintain and monitor"
      }
    ]
  },
  
  "keyRiskIndicators": {
    "operational": {
      "systemAvailability": {
        "currentValue": 99.82,
        "unit": "percentage",
        "greenThreshold": ">99.5",
        "amberThreshold": "99.0-99.5",
        "redThreshold": "<99.0",
        "frequency": "realtime",
        "trendDirection": "stable"
      },
      "incidentResolutionTime": {
        "currentValue": 3.2,
        "unit": "hours",
        "greenThreshold": "<4",
        "amberThreshold": "4-8",
        "redThreshold": ">8",
        "frequency": "daily",
        "trendDirection": "improving"
      },
      "changeFailureRate": {
        "currentValue": 8.5,
        "unit": "percentage",
        "greenThreshold": "<10",
        "amberThreshold": "10-15",
        "redThreshold": ">15",
        "frequency": "weekly",
        "trendDirection": "stable"
      },
      "processAutomationLevel": {
        "currentValue": 62,
        "unit": "percentage",
        "greenThreshold": ">60",
        "amberThreshold": "40-60",
        "redThreshold": "<40",
        "frequency": "quarterly",
        "trendDirection": "improving"
      }
    },
    "financial": {
      "operationalLossRatio": {
        "currentValue": 0.018,
        "unit": "ratio",
        "greenThreshold": "<0.02",
        "amberThreshold": "0.02-0.03",
        "redThreshold": ">0.03",
        "frequency": "monthly",
        "trendDirection": "stable"
      },
      "costVariance": {
        "currentValue": -2.3,
        "unit": "percentage",
        "greenThreshold": "-5 to 5",
        "amberThreshold": "-10 to -5 or 5 to 10",
        "redThreshold": "<-10 or >10",
        "frequency": "monthly",
        "trendDirection": "improving"
      },
      "liquidityRatio": {
        "currentValue": 1.45,
        "unit": "ratio",
        "greenThreshold": ">1.3",
        "amberThreshold": "1.1-1.3",
        "redThreshold": "<1.1",
        "frequency": "weekly",
        "trendDirection": "stable"
      }
    },
    "compliance": {
      "auditFindingClosureRate": {
        "currentValue": 87,
        "unit": "percentage",
        "greenThreshold": ">90",
        "amberThreshold": "75-90",
        "redThreshold": "<75",
        "frequency": "quarterly",
        "trendDirection": "improving"
      },
      "policyExceptionRate": {
        "currentValue": 3.2,
        "unit": "percentage",
        "greenThreshold": "<5",
        "amberThreshold": "5-10",
        "redThreshold": ">10",
        "frequency": "monthly",
        "trendDirection": "stable"
      },
      "trainingCompletionRate": {
        "currentValue": 94,
        "unit": "percentage",
        "greenThreshold": ">95",
        "amberThreshold": "85-95",
        "redThreshold": "<85",
        "frequency": "quarterly",
        "trendDirection": "declining"
      },
      "regulatoryChangeReadiness": {
        "currentValue": 78,
        "unit": "percentage",
        "greenThreshold": ">80",
        "amberThreshold": "60-80",
        "redThreshold": "<60",
        "frequency": "quarterly",
        "trendDirection": "improving"
      }
    },
    "cybersecurity": {
      "phishingClickRate": {
        "currentValue": 2.3,
        "unit": "percentage",
        "greenThreshold": "<3",
        "amberThreshold": "3-5",
        "redThreshold": ">5",
        "frequency": "monthly",
        "trendDirection": "improving"
      },
      "patchingCompliance": {
        "currentValue": 96,
        "unit": "percentage",
        "greenThreshold": ">95",
        "amberThreshold": "90-95",
        "redThreshold": "<90",
        "frequency": "weekly",
        "trendDirection": "stable"
      },
      "privilegedAccountActivity": {
        "currentValue": 12,
        "unit": "anomaliesPerWeek",
        "greenThreshold": "<10",
        "amberThreshold": "10-20",
        "redThreshold": ">20",
        "frequency": "daily",
        "trendDirection": "declining"
      },
      "vulnerabilitiesOpen": {
        "currentValue": 42,
        "unit": "count",
        "greenThreshold": "<50",
        "amberThreshold": "50-100",
        "redThreshold": ">100",
        "frequency": "weekly",
        "trendDirection": "improving"
      }
    },
    "thirdParty": {
      "vendorRiskScore": {
        "currentValue": 72,
        "unit": "score",
        "greenThreshold": ">70",
        "amberThreshold": "50-70",
        "redThreshold": "<50",
        "frequency": "quarterly",
        "trendDirection": "stable"
      },
      "contractCompliance": {
        "currentValue": 89,
        "unit": "percentage",
        "greenThreshold": ">90",
        "amberThreshold": "80-90",
        "redThreshold": "<80",
        "frequency": "monthly",
        "trendDirection": "stable"
      },
      "fourthPartyVisibility": {
        "currentValue": 45,
        "unit": "percentage",
        "greenThreshold": ">60",
        "amberThreshold": "40-60",
        "redThreshold": "<40",
        "frequency": "quarterly",
        "trendDirection": "improving"
      }
    }
  },
  
  "aiDecisionThresholds": {
    "autoClassification": {
      "critical": {
        "minimumConfidence": 0.95,
        "humanReview": "always",
        "autoEscalate": false,
        "samplingRate": 1.0
      },
      "high": {
        "minimumConfidence": 0.90,
        "humanReview": "conditional",
        "humanReviewThreshold": 0.93,
        "autoEscalate": true,
        "samplingRate": 0.5
      },
      "medium": {
        "minimumConfidence": 0.85,
        "humanReview": "sampling",
        "humanReviewThreshold": 0.88,
        "autoEscalate": true,
        "samplingRate": 0.1
      },
      "low": {
        "minimumConfidence": 0.80,
        "humanReview": "exception",
        "humanReviewThreshold": 0.80,
        "autoEscalate": true,
        "samplingRate": 0.05
      }
    },
    "humanReviewTriggers": [
      "confidenceBelowThreshold",
      "riskScoreAbove15",
      "regulatoryImplications",
      "financialImpactAbove100000",
      "criticalSystemsAffected",
      "anomalyDetected",
      "misclassificationRateAbove5Percent",
      "newRiskPattern",
      "stakeholderRequest"
    ],
    "trustBuildingFeatures": {
      "explainabilityRequired": true,
      "auditTrailRetention": 7,
      "feedbackLoopEnabled": true,
      "modelRetrainingFrequency": "quarterly",
      "gradualAutomationPhases": [
        "recommendationOnly",
        "autoClassificationWithReview",
        "fullAutomationLowRisk",
        "fullAutomationMediumRisk",
        "fullAutomationHighRisk"
      ]
    }
  },
  
  "incidentPatterns": {
    "dataPrivacy": {
      "frequency": "15-20 per month",
      "typicalCauses": {
        "misconfiguredPermissions": 0.40,
        "credentialCompromise": 0.25,
        "insiderAccessAbuse": 0.20,
        "thirdPartyBreach": 0.15
      },
      "aiClassificationConfidence": 0.90,
      "averageRemediationCost": 35000,
      "regulatoryNotificationRequired": true
    },
    "systemOutage": {
      "frequency": "8-12 per month",
      "typicalCauses": {
        "deploymentFailure": 0.30,
        "infrastructureFailure": 0.25,
        "configurationError": 0.20,
        "capacityIssues": 0.15,
        "networkIssues": 0.10
      },
      "aiClassificationConfidence": 0.94,
      "averageDowntimeCost": 50000,
      "slaImpact": true
    },
    "policyViolation": {
      "frequency": "5-8 per month",
      "typicalCauses": {
        "trainingGaps": 0.35,
        "processDeviation": 0.30,
        "systemLimitations": 0.20,
        "unclearRequirements": 0.15
      },
      "aiClassificationConfidence": 0.80,
      "averageRemediationCost": 15000,
      "disciplinaryActionRate": 0.12
    }
  },
  
  "emergingRiskPatterns": {
    "supplyChainVulnerability": {
      "detectionMethod": "crossReferenceVendorCVE",
      "riskScoreMultiplier": 1.5,
      "leadTimeMonths": 3,
      "confidenceThreshold": 0.75
    },
    "regulatoryChangeCascade": {
      "detectionMethod": "nlpRegulatoryAnalysis",
      "riskScoreMultiplier": 1.3,
      "leadTimeMonths": 9,
      "confidenceThreshold": 0.82
    },
    "insiderThreatIndicator": {
      "detectionMethod": "behavioralAnalytics",
      "riskScoreMultiplier": 2.0,
      "leadTimeMonths": 1,
      "confidenceThreshold": 0.88
    },
    "controlDegradation": {
      "detectionMethod": "statisticalProcessControl",
      "riskScoreMultiplier": 1.2,
      "leadTimeMonths": 2,
      "confidenceThreshold": 0.90
    }
  },
  
  "riskTreatmentStrategies": {
    "treat": {
      "applicability": "residualRiskAboveTolerance",
      "typicalActions": [
        "Implement additional controls",
        "Enhance existing controls",
        "Process improvement",
        "Training and awareness"
      ],
      "averageCost": 75000,
      "averageTimeWeeks": 8
    },
    "transfer": {
      "applicability": "highImpactLowProbability",
      "typicalActions": [
        "Insurance purchase",
        "Contractual transfer",
        "Outsourcing",
        "Hedging"
      ],
      "averageCost": 50000,
      "averageTimeWeeks": 4
    },
    "tolerate": {
      "applicability": "withinRiskAppetite",
      "typicalActions": [
        "Accept current level",
        "Monitor KRIs",
        "Document acceptance",
        "Regular review"
      ],
      "averageCost": 5000,
      "averageTimeWeeks": 1
    },
    "terminate": {
      "applicability": "riskExceedsCapacity",
      "typicalActions": [
        "Cease activity",
        "Exit market",
        "Divest asset",
        "Cancel project"
      ],
      "averageCost": 250000,
      "averageTimeWeeks": 12
    }
  }
}